{"components": [{"bom-ref": "f0e4fb96-a767-4c34-8fe3-542d855bfd83", "name": "@deepbits/getsbom", "type": "library", "version": "1.0.0"}], "dependencies": [{"ref": "f0e4fb96-a767-4c34-8fe3-542d855bfd83"}], "metadata": {"timestamp": "2023-04-03T08:33:53.430224+00:00", "tools": [{"externalReferences": [{"type": "build-system", "url": "https://github.com/CycloneDX/cyclonedx-python-lib/actions"}, {"type": "distribution", "url": "https://pypi.org/project/cyclonedx-python-lib/"}, {"type": "documentation", "url": "https://cyclonedx.github.io/cyclonedx-python-lib/"}, {"type": "issue-tracker", "url": "https://github.com/CycloneDX/cyclonedx-python-lib/issues"}, {"type": "license", "url": "https://github.com/CycloneDX/cyclonedx-python-lib/blob/main/LICENSE"}, {"type": "release-notes", "url": "https://github.com/CycloneDX/cyclonedx-python-lib/blob/main/CHANGELOG.md"}, {"type": "vcs", "url": "https://github.com/CycloneDX/cyclonedx-python-lib"}, {"type": "website", "url": "https://cyclonedx.org"}], "name": "cyclonedx-python-lib", "vendor": "CycloneDX", "version": "4.0.0"}]}, "serialNumber": "urn:uuid:36b663a3-3abf-4c98-848d-6301b5ab4036", "version": 1, "$schema": "http://cyclonedx.org/schema/bom-1.4.schema.json", "bomFormat": "CycloneDX", "specVersion": "1.4"}