{"components": [{"bom-ref": "78447b34-ae12-40c9-bd34-0a7d1fe618a2", "externalReferences": [{"type": "website", "url": "https://github.com/actions/toolkit/tree/main/packages/artifact"}], "licenses": [{"expression": "MIT"}], "name": "@actions/artifact", "purl": "pkg:npm/%40actions/artifact@1.1.2", "type": "library", "version": "1.1.2"}, {"bom-ref": "3053c166-e5f8-4f1c-a38e-234f4b7056a4", "externalReferences": [{"type": "website", "url": "https://github.com/actions/toolkit/tree/main/packages/core"}], "licenses": [{"expression": "MIT"}], "name": "@actions/core", "purl": "pkg:npm/%40actions/core@1.10.1", "type": "library", "version": "1.10.1"}, {"bom-ref": "d3e0ee92-30c4-4232-99cd-9c61c0fbb197", "externalReferences": [{"type": "website", "url": "https://github.com/actions/toolkit/tree/main/packages/github"}], "licenses": [{"expression": "MIT"}], "name": "@actions/github", "purl": "pkg:npm/%40actions/github@6.0.0", "type": "library", "version": "6.0.0"}, {"bom-ref": "8c5ed2eb-4596-4180-b0e6-5245a0ebc27f", "name": "@actions/http-client", "purl": "pkg:npm/%40actions/http-client@2.2.0", "type": "library", "version": "2.2.0"}, {"bom-ref": "49161041-5fa2-4a43-b711-0e5b3f707e78", "externalReferences": [{"type": "website", "url": "https://github.com/fastify/busboy#readme"}], "licenses": [{"expression": "MIT"}], "name": "@fastify/busboy", "purl": "pkg:npm/%40fastify/busboy@2.1.0", "type": "library", "version": "2.1.0"}, {"bom-ref": "c258a3aa-53d3-4ce6-8a6e-ebf0b4eee371", "externalReferences": [{"type": "website", "url": "https://github.com/octokit/auth-token.js#readme"}], "licenses": [{"expression": "MIT"}], "name": "@octokit/auth-token", "purl": "pkg:npm/%40octokit/auth-token@4.0.0", "type": "library", "version": "4.0.0"}, {"bom-ref": "eebcf494-7758-42c6-8832-ee05b6cd4aac", "externalReferences": [{"type": "website", "url": "https://github.com/octokit/core.js#readme"}], "licenses": [{"expression": "MIT"}], "name": "@octokit/core", "purl": "pkg:npm/%40octokit/core@5.0.2", "type": "library", "version": "5.0.2"}, {"bom-ref": "83d401c1-b2e1-4b56-ba96-421656ad3768", "externalReferences": [{"type": "website", "url": "https://www.npmjs.com/package/%40octokit%2Fendpoint"}], "licenses": [{"expression": "MIT"}], "name": "@octokit/endpoint", "purl": "pkg:npm/%40octokit/endpoint@9.0.4", "type": "library", "version": "9.0.4"}, {"bom-ref": "185b6a5e-126b-4fca-acca-1036c7a4b31b", "externalReferences": [{"type": "website", "url": "https://github.com/octokit/graphql.js#readme"}], "licenses": [{"expression": "MIT"}], "name": "@octokit/graphql", "purl": "pkg:npm/%40octokit/graphql@7.0.2", "type": "library", "version": "7.0.2"}, {"bom-ref": "df37fe09-e6b9-469e-abf8-36eb7e0321bd", "externalReferences": [{"type": "website", "url": "https://github.com/octokit/openapi-types.ts#readme"}], "licenses": [{"expression": "MIT"}], "name": "@octokit/openapi-types", "purl": "pkg:npm/%40octokit/openapi-types@19.1.0", "type": "library", "version": "19.1.0"}, {"bom-ref": "7bc6b8ee-1a69-44f6-899f-c69288cfb1c6", "externalReferences": [{"type": "website", "url": "https://github.com/octokit/plugin-paginate-rest.js#readme"}], "licenses": [{"expression": "MIT"}], "name": "@octokit/plugin-paginate-rest", "purl": "pkg:npm/%40octokit/plugin-paginate-rest@9.1.5", "type": "library", "version": "9.1.5"}, {"bom-ref": "c3c82561-c990-40ec-84ad-75934dee02b0", "externalReferences": [{"type": "website", "url": "https://github.com/octokit/plugin-rest-endpoint-methods.js#readme"}], "licenses": [{"expression": "MIT"}], "name": "@octokit/plugin-rest-endpoint-methods", "purl": "pkg:npm/%40octokit/plugin-rest-endpoint-methods@10.2.0", "type": "library", "version": "10.2.0"}, {"bom-ref": "fe4786ab-ea23-4067-b8fe-22571d394ad2", "externalReferences": [{"type": "website", "url": "https://github.com/octokit/request.js#readme"}], "licenses": [{"expression": "MIT"}], "name": "@octokit/request", "purl": "pkg:npm/%40octokit/request@8.1.6", "type": "library", "version": "8.1.6"}, {"bom-ref": "07456ce5-6303-4396-85f1-9847a2a5939f", "externalReferences": [{"type": "website", "url": "https://github.com/octokit/request-error.js#readme"}], "licenses": [{"expression": "MIT"}], "name": "@octokit/request-error", "purl": "pkg:npm/%40octokit/request-error@5.0.1", "type": "library", "version": "5.0.1"}, {"bom-ref": "b5dbab3c-cbc9-40e9-82c2-17530d341d38", "externalReferences": [{"type": "website", "url": "https://github.com/octokit/types.ts#readme"}], "licenses": [{"expression": "MIT"}], "name": "@octokit/types", "purl": "pkg:npm/%40octokit/types@12.4.0", "type": "library", "version": "12.4.0"}, {"bom-ref": "ae617bb9-cccc-433b-b1c3-22f81f714ce4", "externalReferences": [{"type": "website", "url": "https://www.npmjs.com/package/asynckit"}], "licenses": [{"expression": "MIT"}], "name": "asynckit", "purl": "pkg:npm/asynckit@0.4.0", "type": "library", "version": "0.4.0"}, {"bom-ref": "d32e5cc4-c0b4-4e1e-8280-0d3ae1ce0a04", "externalReferences": [{"type": "website", "url": "https://axios-http.com"}], "licenses": [{"expression": "MIT"}], "name": "axios", "purl": "pkg:npm/axios@1.6.2", "type": "library", "version": "1.6.2"}, {"bom-ref": "ac8ed9d3-b4da-408c-9436-6bcf50f7b3cb", "externalReferences": [{"type": "website", "url": "https://github.com/juliangruber/balanced-match"}], "licenses": [{"expression": "MIT"}], "name": "balanced-match", "purl": "pkg:npm/balanced-match@1.0.0", "type": "library", "version": "1.0.0"}, {"bom-ref": "f30b263d-8aee-4647-8602-ce3580b0c5ef", "externalReferences": [{"type": "website", "url": "https://github.com/gr2m/before-after-hook#readme"}], "licenses": [{"expression": "Apache-2.0"}], "name": "before-after-hook", "purl": "pkg:npm/before-after-hook@2.2.3", "type": "library", "version": "2.2.3"}, {"bom-ref": "857e3520-b1b6-4307-a177-aba4e7901f03", "externalReferences": [{"type": "website", "url": "https://github.com/juliangruber/brace-expansion"}], "licenses": [{"expression": "MIT"}], "name": "brace-expansion", "purl": "pkg:npm/brace-expansion@1.1.11", "type": "library", "version": "1.1.11"}, {"bom-ref": "5dc0ef1f-7ba5-43ae-a98e-f20807a5a86d", "externalReferences": [{"type": "website", "url": "https://github.com/felixge/node-combined-stream"}], "licenses": [{"expression": "MIT"}], "name": "combined-stream", "purl": "pkg:npm/combined-stream@1.0.8", "type": "library", "version": "1.0.8"}, {"bom-ref": "706c2aeb-e201-4bfa-98ce-669a5cfba859", "externalReferences": [{"type": "website", "url": "https://github.com/ljharb/concat-map#readme"}], "licenses": [{"expression": "MIT"}], "name": "concat-map", "purl": "pkg:npm/concat-map@0.0.1", "type": "library", "version": "0.0.1"}, {"bom-ref": "3e945ed4-7bb9-4fd4-9645-cf3ebf3406c5", "externalReferences": [{"type": "website", "url": "https://github.com/felixge/node-delayed-stream"}], "licenses": [{"expression": "MIT"}], "name": "delayed-stream", "purl": "pkg:npm/delayed-stream@1.0.0", "type": "library", "version": "1.0.0"}, {"bom-ref": "896b8ddf-e800-4cc7-9fc9-7a84c1296f81", "externalReferences": [{"type": "website", "url": "https://www.npmjs.com/package/deprecation"}], "licenses": [{"expression": "ISC"}], "name": "deprecation", "purl": "pkg:npm/deprecation@2.3.1", "type": "library", "version": "2.3.1"}, {"bom-ref": "281c6651-a2ce-4bb8-8162-f220d3206db7", "externalReferences": [{"type": "website", "url": "https://github.com/follow-redirects/follow-redirects"}], "licenses": [{"expression": "MIT"}], "name": "follow-redirects", "purl": "pkg:npm/follow-redirects@1.15.2", "type": "library", "version": "1.15.2"}, {"bom-ref": "cd94cb6f-caf2-4daa-8a27-559f60141e62", "externalReferences": [{"type": "website", "url": "https://github.com/form-data/form-data#readme"}], "licenses": [{"expression": "MIT"}], "name": "form-data", "purl": "pkg:npm/form-data@4.0.0", "type": "library", "version": "4.0.0"}, {"bom-ref": "2d08a78a-d75c-474a-951e-5060a7baabed", "externalReferences": [{"type": "website", "url": "https://github.com/isaacs/fs.realpath#readme"}], "licenses": [{"expression": "ISC"}], "name": "fs.realpath", "purl": "pkg:npm/fs.realpath@1.0.0", "type": "library", "version": "1.0.0"}, {"bom-ref": "d288b164-d53a-4669-a469-5967a47e36ed", "externalReferences": [{"type": "website", "url": "https://github.com/isaacs/node-glob#readme"}], "licenses": [{"expression": "ISC"}], "name": "glob", "purl": "pkg:npm/glob@7.1.6", "type": "library", "version": "7.1.6"}, {"bom-ref": "bb7edfc4-134e-4a68-8a02-82815faa054f", "externalReferences": [{"type": "website", "url": "https://github.com/isaacs/inflight"}], "licenses": [{"expression": "ISC"}], "name": "inflight", "purl": "pkg:npm/inflight@1.0.6", "type": "library", "version": "1.0.6"}, {"bom-ref": "52e9aae5-49a5-4cdc-a75b-881d942fabe7", "externalReferences": [{"type": "website", "url": "https://github.com/isaacs/inherits#readme"}], "licenses": [{"expression": "ISC"}], "name": "inherits", "purl": "pkg:npm/inherits@2.0.4", "type": "library", "version": "2.0.4"}, {"bom-ref": "7ebcc046-de99-499d-b0f7-16a0c247c1fb", "externalReferences": [{"type": "website", "url": "https://github.com/jshttp/mime-db#readme"}], "licenses": [{"expression": "MIT"}], "name": "mime-db", "purl": "pkg:npm/mime-db@1.50.0", "type": "library", "version": "1.50.0"}, {"bom-ref": "20bade1c-de45-4a44-962a-4dd3b0dba025", "externalReferences": [{"type": "website", "url": "https://github.com/jshttp/mime-types#readme"}], "licenses": [{"expression": "MIT"}], "name": "mime-types", "purl": "pkg:npm/mime-types@2.1.33", "type": "library", "version": "2.1.33"}, {"bom-ref": "484adcbe-3a58-434d-b1f8-32cf6cc05a19", "externalReferences": [{"type": "website", "url": "https://github.com/isaacs/minimatch#readme"}], "licenses": [{"expression": "ISC"}], "name": "minimatch", "purl": "pkg:npm/minimatch@3.1.2", "type": "library", "version": "3.1.2"}, {"bom-ref": "f6154224-aba5-4477-96d0-fa97a561626c", "externalReferences": [{"type": "website", "url": "https://github.com/isaacs/once#readme"}], "licenses": [{"expression": "ISC"}], "name": "once", "purl": "pkg:npm/once@1.4.0", "type": "library", "version": "1.4.0"}, {"bom-ref": "f7b63651-d023-4798-9e42-06212aba4c70", "externalReferences": [{"type": "website", "url": "https://www.npmjs.com/package/path-is-absolute"}], "licenses": [{"expression": "MIT"}], "name": "path-is-absolute", "purl": "pkg:npm/path-is-absolute@1.0.1", "type": "library", "version": "1.0.1"}, {"bom-ref": "aaeaa9f3-1061-4bca-9a72-7b5d6a941746", "externalReferences": [{"type": "website", "url": "https://github.com/Rob--W/proxy-from-env#readme"}], "licenses": [{"expression": "MIT"}], "name": "proxy-from-env", "purl": "pkg:npm/proxy-from-env@1.1.0", "type": "library", "version": "1.1.0"}, {"bom-ref": "41036695-e3cd-4828-bd87-e8b90f208b2f", "externalReferences": [{"type": "website", "url": "https://github.com/isaacs/rimraf#readme"}], "licenses": [{"expression": "ISC"}], "name": "rimraf", "purl": "pkg:npm/rimraf@3.0.2", "type": "library", "version": "3.0.2"}, {"bom-ref": "13a0f6fd-85c2-4ae2-a840-da4d3abb2158", "externalReferences": [{"type": "website", "url": "http://github.com/raszi/node-tmp"}], "licenses": [{"expression": "MIT"}], "name": "tmp", "purl": "pkg:npm/tmp@0.2.1", "type": "library", "version": "0.2.1"}, {"bom-ref": "013e18be-4c9a-494f-8c51-dfaa480ccde4", "externalReferences": [{"type": "website", "url": "https://github.com/benjamingr/tmp-promise#readme"}], "licenses": [{"expression": "MIT"}], "name": "tmp-promise", "purl": "pkg:npm/tmp-promise@3.0.3", "type": "library", "version": "3.0.3"}, {"bom-ref": "c36c7983-c341-45a8-b454-53d2b4b105de", "externalReferences": [{"type": "website", "url": "https://github.com/koichik/node-tunnel/"}], "licenses": [{"expression": "MIT"}], "name": "tunnel", "purl": "pkg:npm/tunnel@0.0.6", "type": "library", "version": "0.0.6"}, {"bom-ref": "f75dae29-1b69-4180-a8df-f25534d91cce", "externalReferences": [{"type": "website", "url": "https://undici.nodejs.org"}], "licenses": [{"expression": "MIT"}], "name": "undici", "purl": "pkg:npm/undici@5.28.2", "type": "library", "version": "5.28.2"}, {"bom-ref": "c8155a7e-0129-4f62-9b28-5ed064ce6952", "externalReferences": [{"type": "website", "url": "https://github.com/gr2m/universal-user-agent#readme"}], "licenses": [{"expression": "ISC"}], "name": "universal-user-agent", "purl": "pkg:npm/universal-user-agent@6.0.1", "type": "library", "version": "6.0.1"}, {"bom-ref": "c145c668-ae9b-4de3-b832-c71bdccc41ef", "externalReferences": [{"type": "website", "url": "https://github.com/uuidjs/uuid#readme"}], "licenses": [{"expression": "MIT"}], "name": "uuid", "purl": "pkg:npm/uuid@8.3.2", "type": "library", "version": "8.3.2"}, {"bom-ref": "3489f24a-95cd-430a-9cc9-82b969603963", "externalReferences": [{"type": "website", "url": "https://www.npmjs.com/package/wrappy"}], "licenses": [{"expression": "ISC"}], "name": "wrappy", "purl": "pkg:npm/wrappy@1.0.2", "type": "library", "version": "1.0.2"}], "dependencies": [{"ref": "013e18be-4c9a-494f-8c51-dfaa480ccde4"}, {"ref": "07456ce5-6303-4396-85f1-9847a2a5939f"}, {"ref": "13a0f6fd-85c2-4ae2-a840-da4d3abb2158"}, {"ref": "185b6a5e-126b-4fca-acca-1036c7a4b31b"}, {"ref": "20bade1c-de45-4a44-962a-4dd3b0dba025"}, {"ref": "281c6651-a2ce-4bb8-8162-f220d3206db7"}, {"ref": "2d08a78a-d75c-474a-951e-5060a7baabed"}, {"ref": "3053c166-e5f8-4f1c-a38e-234f4b7056a4"}, {"ref": "3489f24a-95cd-430a-9cc9-82b969603963"}, {"ref": "3e945ed4-7bb9-4fd4-9645-cf3ebf3406c5"}, {"ref": "41036695-e3cd-4828-bd87-e8b90f208b2f"}, {"ref": "484adcbe-3a58-434d-b1f8-32cf6cc05a19"}, {"ref": "49161041-5fa2-4a43-b711-0e5b3f707e78"}, {"ref": "52e9aae5-49a5-4cdc-a75b-881d942fabe7"}, {"ref": "5dc0ef1f-7ba5-43ae-a98e-f20807a5a86d"}, {"ref": "706c2aeb-e201-4bfa-98ce-669a5cfba859"}, {"ref": "78447b34-ae12-40c9-bd34-0a7d1fe618a2"}, {"ref": "7bc6b8ee-1a69-44f6-899f-c69288cfb1c6"}, {"ref": "7ebcc046-de99-499d-b0f7-16a0c247c1fb"}, {"ref": "83d401c1-b2e1-4b56-ba96-421656ad3768"}, {"ref": "857e3520-b1b6-4307-a177-aba4e7901f03"}, {"ref": "896b8ddf-e800-4cc7-9fc9-7a84c1296f81"}, {"ref": "8c5ed2eb-4596-4180-b0e6-5245a0ebc27f"}, {"ref": "aaeaa9f3-1061-4bca-9a72-7b5d6a941746"}, {"ref": "ac8ed9d3-b4da-408c-9436-6bcf50f7b3cb"}, {"ref": "ae617bb9-cccc-433b-b1c3-22f81f714ce4"}, {"ref": "b5dbab3c-cbc9-40e9-82c2-17530d341d38"}, {"ref": "bb7edfc4-134e-4a68-8a02-82815faa054f"}, {"ref": "c145c668-ae9b-4de3-b832-c71bdccc41ef"}, {"ref": "c258a3aa-53d3-4ce6-8a6e-ebf0b4eee371"}, {"ref": "c36c7983-c341-45a8-b454-53d2b4b105de"}, {"ref": "c3c82561-c990-40ec-84ad-75934dee02b0"}, {"ref": "c8155a7e-0129-4f62-9b28-5ed064ce6952"}, {"ref": "cd94cb6f-caf2-4daa-8a27-559f60141e62"}, {"ref": "d288b164-d53a-4669-a469-5967a47e36ed"}, {"ref": "d32e5cc4-c0b4-4e1e-8280-0d3ae1ce0a04"}, {"ref": "d3e0ee92-30c4-4232-99cd-9c61c0fbb197"}, {"ref": "df37fe09-e6b9-469e-abf8-36eb7e0321bd"}, {"ref": "eebcf494-7758-42c6-8832-ee05b6cd4aac"}, {"ref": "f30b263d-8aee-4647-8602-ce3580b0c5ef"}, {"ref": "f6154224-aba5-4477-96d0-fa97a561626c"}, {"ref": "f75dae29-1b69-4180-a8df-f25534d91cce"}, {"ref": "f7b63651-d023-4798-9e42-06212aba4c70"}, {"ref": "fe4786ab-ea23-4067-b8fe-22571d394ad2"}], "metadata": {"timestamp": "2023-12-11T09:47:18.891038+00:00", "tools": [{"externalReferences": [{"type": "build-system", "url": "https://github.com/CycloneDX/cyclonedx-python-lib/actions"}, {"type": "distribution", "url": "https://pypi.org/project/cyclonedx-python-lib/"}, {"type": "documentation", "url": "https://cyclonedx.github.io/cyclonedx-python-lib/"}, {"type": "issue-tracker", "url": "https://github.com/CycloneDX/cyclonedx-python-lib/issues"}, {"type": "license", "url": "https://github.com/CycloneDX/cyclonedx-python-lib/blob/main/LICENSE"}, {"type": "release-notes", "url": "https://github.com/CycloneDX/cyclonedx-python-lib/blob/main/CHANGELOG.md"}, {"type": "vcs", "url": "https://github.com/CycloneDX/cyclonedx-python-lib"}, {"type": "website", "url": "https://cyclonedx.org"}], "name": "cyclonedx-python-lib", "vendor": "CycloneDX", "version": "4.2.3"}]}, "serialNumber": "urn:uuid:18888be2-ffec-4936-bedd-8407e22f5952", "version": 1, "$schema": "http://cyclonedx.org/schema/bom-1.4.schema.json", "bomFormat": "CycloneDX", "specVersion": "1.4"}